,MonthYear,prediction1,prediction2,prediction3,prediction4,prediction5,prediction6,prediction7,prediction8,prediction9,prediction10,prediction11
0,202103,1.7945590019226074,1.8134236335754395,1.8130134344100952,1.7889033555984497,1.7850159406661987,1.7955485582351685,1.810567855834961,1.8063803911209106,1.8182684183120728,1.8052538633346558,1.8062859773635864
