,MonthYear,prediction1,prediction2,prediction3,prediction4,prediction5,prediction6,prediction7,prediction8,prediction9,prediction10,prediction11
0,202103,3.4231929779052734,3.3871450424194336,3.4128832817077637,3.357245683670044,3.357473850250244,3.3508968353271484,3.4547994136810303,3.3193655014038086,3.4182074069976807,3.378941059112549,3.515693426132202
