,MonthYear,prediction1,prediction2,prediction3,prediction4,prediction5,prediction6,prediction7,prediction8,prediction9,prediction10,prediction11
0,202103,2.2810983657836914,2.281808853149414,2.2656540870666504,2.2894468307495117,2.2615623474121094,2.2399816513061523,2.2454617023468018,2.2180747985839844,2.2560057640075684,2.259702205657959,2.2275524139404297
