,MonthYear,prediction1,prediction2,prediction3,prediction4,prediction5,prediction6,prediction7,prediction8,prediction9,prediction10,prediction11
0,202103,2.326657772064209,2.344062328338623,2.349216938018799,2.320218324661255,2.318934917449951,2.38183856010437,2.436230182647705,2.395784854888916,2.3609089851379395,2.362762451171875,2.4294838905334473
