,MonthYear,prediction1,prediction2,prediction3,prediction4,prediction5,prediction6,prediction7,prediction8,prediction9,prediction10,prediction11
0,202103,1.8443665504455566,1.8467811346054077,1.8405095338821411,1.8458856344223022,1.8530279397964478,1.846305251121521,1.8652775287628174,1.8584764003753662,1.844628095626831,1.8402799367904663,1.8563021421432495
