,MonthYear,prediction1,prediction2,prediction3,prediction4,prediction5,prediction6,prediction7,prediction8,prediction9,prediction10,prediction11
0,202103,2.180419921875,2.1587772369384766,2.2248499393463135,2.1399636268615723,2.1014537811279297,2.2382450103759766,2.1976189613342285,2.1901326179504395,2.2323384284973145,2.215494155883789,2.2384843826293945
