,MonthYear,prediction1,prediction2,prediction3,prediction4,prediction5,prediction6,prediction7,prediction8,prediction9,prediction10,prediction11
0,202103,2.0566799640655518,2.0216851234436035,2.047607898712158,2.0230069160461426,2.045139789581299,2.0419647693634033,2.021956205368042,2.040153741836548,2.0323965549468994,2.0468802452087402,2.03359317779541
