,MonthYear,prediction1,prediction2,prediction3,prediction4,prediction5,prediction6,prediction7,prediction8,prediction9,prediction10,prediction11
0,202103,1.9546278715133667,1.9591944217681885,1.956595778465271,1.9627467393875122,1.9662320613861084,1.9607266187667847,1.968145489692688,1.952534794807434,1.9588102102279663,1.9921454191207886,1.972435712814331
