,MonthYear,prediction1,prediction2,prediction3,prediction4,prediction5,prediction6,prediction7,prediction8,prediction9,prediction10,prediction11
0,202103,1.4278626441955566,1.4376530647277832,1.4344425201416016,1.4389517307281494,1.423284888267517,1.4248054027557373,1.4272856712341309,1.4342446327209473,1.4448699951171875,1.4361203908920288,1.4302866458892822
