,MonthYear,prediction1,prediction2,prediction3,prediction4,prediction5,prediction6,prediction7,prediction8,prediction9,prediction10,prediction11
0,202103,1.2817912101745605,1.287267804145813,1.2808294296264648,1.2807528972625732,1.294957160949707,1.2833740711212158,1.2760870456695557,1.2819385528564453,1.2812676429748535,1.284116506576538,1.2794063091278076
