,MonthYear,prediction1,prediction2,prediction3,prediction4,prediction5,prediction6,prediction7,prediction8,prediction9,prediction10,prediction11
0,202103,2.200626850128174,2.2122440338134766,2.2297754287719727,2.1649272441864014,2.1583003997802734,2.155224561691284,2.1949009895324707,2.2277140617370605,2.1950485706329346,2.208552837371826,2.1939005851745605
