,MonthYear,prediction1,prediction2,prediction3,prediction4,prediction5,prediction6,prediction7,prediction8,prediction9,prediction10,prediction11
0,202103,1.6980669498443604,1.7253470420837402,1.7080799341201782,1.7213369607925415,1.735822081565857,1.719822645187378,1.723574161529541,1.6954452991485596,1.7128100395202637,1.7374918460845947,1.7179077863693237
