,MonthYear,prediction1,prediction2,prediction3,prediction4,prediction5,prediction6,prediction7,prediction8,prediction9,prediction10,prediction11
0,202103,1.4952178001403809,1.4756933450698853,1.4802610874176025,1.4910366535186768,1.4945013523101807,1.4967780113220215,1.497743844985962,1.467640995979309,1.4660307168960571,1.482698678970337,1.474336862564087
