,MonthYear,prediction1,prediction2,prediction3,prediction4,prediction5,prediction6,prediction7,prediction8,prediction9,prediction10,prediction11
0,202103,2.0955810546875,2.0914273262023926,2.0911850929260254,2.079542636871338,2.0907044410705566,2.0822415351867676,2.0692996978759766,2.0821008682250977,2.0856189727783203,2.0692434310913086,2.0794100761413574
