,MonthYear,prediction1,prediction2,prediction3,prediction4,prediction5,prediction6,prediction7,prediction8,prediction9,prediction10,prediction11
0,202103,2.01627779006958,1.9901909828186035,2.018425464630127,2.014899253845215,1.997146487236023,1.9994690418243408,2.022279739379883,2.0175046920776367,2.0006346702575684,2.002664089202881,2.025073766708374
