,MonthYear,prediction1,prediction2,prediction3,prediction4,prediction5,prediction6,prediction7,prediction8,prediction9,prediction10,prediction11
0,202103,2.070075511932373,2.0712811946868896,2.063260793685913,2.066450834274292,2.0610697269439697,2.056920051574707,2.0348048210144043,2.0500197410583496,2.073958396911621,2.0859885215759277,2.0767345428466797
