,MonthYear,prediction1,prediction2,prediction3,prediction4,prediction5,prediction6,prediction7,prediction8,prediction9,prediction10,prediction11
0,202103,2.340493679046631,2.3690714836120605,2.3680200576782227,2.4274325370788574,2.390350103378296,2.370407819747925,2.3564529418945312,2.340148448944092,2.3790969848632812,2.3912363052368164,2.4143285751342773
