,MonthYear,prediction1,prediction2,prediction3,prediction4,prediction5,prediction6,prediction7,prediction8,prediction9,prediction10,prediction11
0,202103,2.0759191513061523,2.043950080871582,2.065070152282715,2.0182371139526367,2.049665927886963,2.0405144691467285,2.0027098655700684,2.047672748565674,2.037557601928711,2.0423920154571533,2.0185983180999756
