,MonthYear,prediction1,prediction2,prediction3,prediction4,prediction5,prediction6,prediction7,prediction8,prediction9,prediction10,prediction11
0,202103,2.1320691108703613,2.184825897216797,2.165153980255127,2.1516785621643066,2.180469274520874,2.1578285694122314,2.162867546081543,2.165287494659424,2.1641507148742676,2.1746766567230225,2.1988320350646973
