,MonthYear,prediction1,prediction2,prediction3,prediction4,prediction5,prediction6,prediction7,prediction8,prediction9,prediction10,prediction11
0,202103,2.3707265853881836,2.310914993286133,2.322998046875,2.3380210399627686,2.377699851989746,2.3679141998291016,2.389791488647461,2.321011543273926,2.3515143394470215,2.2624294757843018,2.329805612564087
