,MonthYear,prediction1,prediction2,prediction3,prediction4,prediction5,prediction6,prediction7,prediction8,prediction9,prediction10,prediction11
0,202103,1.5087918043136597,1.5076240301132202,1.4972246885299683,1.4984111785888672,1.5131471157073975,1.4929099082946777,1.5016766786575317,1.4969977140426636,1.508191704750061,1.4935290813446045,1.493011236190796
