,MonthYear,prediction1,prediction2,prediction3,prediction4,prediction5,prediction6,prediction7,prediction8,prediction9,prediction10,prediction11
0,202103,1.607020378112793,1.609130620956421,1.604684591293335,1.6003477573394775,1.5913565158843994,1.6071436405181885,1.6132668256759644,1.6088180541992188,1.6067843437194824,1.6067465543746948,1.6192896366119385
