,MonthYear,prediction1,prediction2,prediction3,prediction4,prediction5,prediction6,prediction7,prediction8,prediction9,prediction10,prediction11
0,202103,2.458226203918457,2.4795303344726562,2.4697811603546143,2.4415667057037354,2.4209208488464355,2.479102373123169,2.4721896648406982,2.421613931655884,2.4519734382629395,2.446897029876709,2.405491828918457
