,MonthYear,prediction1,prediction2,prediction3,prediction4,prediction5,prediction6,prediction7,prediction8,prediction9,prediction10,prediction11
0,202103,1.3190149068832397,1.322561264038086,1.3208482265472412,1.3204193115234375,1.3175532817840576,1.3207952976226807,1.3258864879608154,1.3255778551101685,1.3160905838012695,1.318246841430664,1.30796217918396
