,MonthYear,prediction1,prediction2,prediction3,prediction4,prediction5,prediction6,prediction7,prediction8,prediction9,prediction10,prediction11
0,202103,1.998563528060913,1.998016595840454,2.002985954284668,2.002943992614746,2.0008797645568848,2.013770580291748,2.0112948417663574,2.0468931198120117,2.03458833694458,2.0283737182617188,2.0419058799743652
