,MonthYear,prediction1,prediction2,prediction3,prediction4,prediction5,prediction6,prediction7,prediction8,prediction9,prediction10,prediction11
0,202103,2.510591983795166,2.5173323154449463,2.519017457962036,2.5216684341430664,2.521707057952881,2.5350801944732666,2.512131690979004,2.5188937187194824,2.523206949234009,2.5284006595611572,2.5171186923980713
