,MonthYear,prediction1,prediction2,prediction3,prediction4,prediction5,prediction6,prediction7,prediction8,prediction9,prediction10,prediction11
0,202103,2.006013870239258,2.018003463745117,2.037912607192993,2.0142595767974854,2.0368900299072266,2.0072829723358154,2.013826608657837,2.035506248474121,2.037121295928955,2.012608051300049,2.044374465942383
