,MonthYear,prediction1,prediction2,prediction3,prediction4,prediction5,prediction6,prediction7,prediction8,prediction9,prediction10,prediction11
0,202103,2.317126512527466,2.3177332878112793,2.324416399002075,2.3112285137176514,2.309473991394043,2.3178553581237793,2.3100109100341797,2.304141044616699,2.316840171813965,2.2950856685638428,2.3189942836761475
