,MonthYear,prediction1,prediction2,prediction3,prediction4,prediction5,prediction6,prediction7,prediction8,prediction9,prediction10,prediction11
0,202103,3.140454053878784,3.2125484943389893,3.210975170135498,3.204038143157959,3.1902225017547607,3.197852611541748,3.1925783157348633,3.1737077236175537,3.1996307373046875,3.125582695007324,3.2395007610321045
