,MonthYear,prediction1,prediction2,prediction3,prediction4,prediction5,prediction6,prediction7,prediction8,prediction9,prediction10,prediction11
0,202103,2.126866340637207,2.1282200813293457,2.1464080810546875,2.1393144130706787,2.1328749656677246,2.1689281463623047,2.135025978088379,2.125763177871704,2.1379995346069336,2.1495113372802734,2.1249775886535645
