,MonthYear,prediction1,prediction2,prediction3,prediction4,prediction5,prediction6,prediction7,prediction8,prediction9,prediction10,prediction11
0,202103,1.8227176666259766,1.8248332738876343,1.8298606872558594,1.8273956775665283,1.8080586194992065,1.7453035116195679,1.8065242767333984,1.798466682434082,1.7614725828170776,1.8039109706878662,1.8289763927459717
