,MonthYear,prediction1,prediction2,prediction3,prediction4,prediction5,prediction6,prediction7,prediction8,prediction9,prediction10,prediction11
0,202103,2.431333541870117,2.649671792984009,2.617058515548706,2.611872673034668,2.4260478019714355,2.4487669467926025,2.456918239593506,2.6165521144866943,2.507161855697632,2.5097391605377197,2.6775805950164795
