,MonthYear,prediction1,prediction2,prediction3,prediction4,prediction5,prediction6,prediction7,prediction8,prediction9,prediction10,prediction11
0,202103,2.6560275554656982,2.6533052921295166,2.6487252712249756,2.6823389530181885,2.6506643295288086,2.6484413146972656,2.702680826187134,2.682004690170288,2.665628671646118,2.681485414505005,2.657499313354492
