,MonthYear,prediction1,prediction2,prediction3,prediction4,prediction5,prediction6,prediction7,prediction8,prediction9,prediction10,prediction11
0,202103,1.704476237297058,1.7160624265670776,1.70914888381958,1.7045491933822632,1.706355094909668,1.711465835571289,1.7072408199310303,1.705389380455017,1.7092280387878418,1.6915432214736938,1.7000172138214111
