,MonthYear,prediction1,prediction2,prediction3,prediction4,prediction5,prediction6,prediction7,prediction8,prediction9,prediction10,prediction11
0,202103,3.2462668418884277,3.2164297103881836,3.2318308353424072,3.2115039825439453,3.203763246536255,3.2238545417785645,3.233431577682495,3.223057985305786,3.1954410076141357,3.185117721557617,3.1839818954467773
