,MonthYear,prediction1,prediction2,prediction3,prediction4,prediction5,prediction6,prediction7,prediction8,prediction9,prediction10,prediction11
0,202103,2.0631489753723145,2.0622177124023438,2.054619550704956,2.062282085418701,2.0629422664642334,2.0713839530944824,2.066283702850342,2.0678353309631348,2.0553884506225586,2.056936264038086,2.0596554279327393
