,MonthYear,prediction1,prediction2,prediction3,prediction4,prediction5,prediction6,prediction7,prediction8,prediction9,prediction10,prediction11
0,202103,1.9058506488800049,1.9035431146621704,1.8905109167099,1.8832086324691772,1.9138551950454712,1.9138312339782715,1.9136996269226074,1.897936224937439,1.873534917831421,1.9159870147705078,1.8979564905166626
