,MonthYear,prediction1,prediction2,prediction3,prediction4,prediction5,prediction6,prediction7,prediction8,prediction9,prediction10,prediction11
0,202103,1.233252763748169,1.2587618827819824,1.2949891090393066,1.2367544174194336,1.21964693069458,1.2381274700164795,1.2509832382202148,1.2187694311141968,1.2949473857879639,1.260227918624878,1.2889894247055054
