,MonthYear,prediction1,prediction2,prediction3,prediction4,prediction5,prediction6,prediction7,prediction8,prediction9,prediction10,prediction11
0,202103,2.1910293102264404,2.1917338371276855,2.1824588775634766,2.15950345993042,2.195969581604004,2.209442615509033,2.205002546310425,2.171476364135742,2.1798181533813477,2.206414222717285,2.1731834411621094
