,MonthYear,prediction1,prediction2,prediction3,prediction4,prediction5,prediction6,prediction7,prediction8,prediction9,prediction10,prediction11
0,202103,2.0138864517211914,2.009214401245117,2.010232925415039,2.061458110809326,2.0225746631622314,2.0233945846557617,2.022481918334961,2.0011487007141113,2.0058348178863525,2.0075955390930176,2.005340099334717
