,MonthYear,prediction1,prediction2,prediction3,prediction4,prediction5,prediction6,prediction7,prediction8,prediction9,prediction10,prediction11
0,202103,2.012315034866333,2.04544997215271,2.0444893836975098,2.015143871307373,2.03347110748291,2.0276832580566406,2.003058910369873,2.0154361724853516,2.024397850036621,2.0234827995300293,2.041775703430176
