,MonthYear,prediction1,prediction2,prediction3,prediction4,prediction5,prediction6,prediction7,prediction8,prediction9,prediction10,prediction11
0,202103,2.435709238052368,2.5122766494750977,2.4683964252471924,2.411824941635132,2.4542248249053955,2.4799301624298096,2.4791975021362305,2.468832015991211,2.4312973022460938,2.4260411262512207,2.4353654384613037
