,MonthYear,prediction1,prediction2,prediction3,prediction4,prediction5,prediction6,prediction7,prediction8,prediction9,prediction10,prediction11
0,202103,1.38911771774292,1.3596928119659424,1.3409011363983154,1.3639018535614014,1.3521645069122314,1.3528916835784912,1.342974066734314,1.3665499687194824,1.35438871383667,1.3909120559692383,1.3410980701446533
