,MonthYear,prediction1,prediction2,prediction3,prediction4,prediction5,prediction6,prediction7,prediction8,prediction9,prediction10,prediction11
0,202103,1.9005383253097534,1.8985099792480469,1.9016613960266113,1.8987044095993042,1.8972200155258179,1.9044231176376343,1.8997654914855957,1.9015753269195557,1.9107838869094849,1.9052296876907349,1.904923915863037
