,MonthYear,prediction1,prediction2,prediction3,prediction4,prediction5,prediction6,prediction7,prediction8,prediction9,prediction10,prediction11
0,202103,1.6791774034500122,1.7127676010131836,1.6825603246688843,1.6959348917007446,1.6831928491592407,1.6921671628952026,1.7090786695480347,1.7096418142318726,1.6825733184814453,1.6919318437576294,1.6945065259933472
