,MonthYear,prediction1,prediction2,prediction3,prediction4,prediction5,prediction6,prediction7,prediction8,prediction9,prediction10,prediction11
0,202103,2.543701410293579,2.503169298171997,2.512631416320801,2.4962244033813477,2.4996445178985596,2.499452590942383,2.525171995162964,2.5066168308258057,2.4940640926361084,2.5133004188537598,2.5076749324798584
