,MonthYear,prediction1,prediction2,prediction3,prediction4,prediction5,prediction6,prediction7,prediction8,prediction9,prediction10,prediction11
0,202103,2.234126567840576,2.2553696632385254,2.250833511352539,2.209805488586426,2.2083587646484375,2.226954936981201,2.208779811859131,2.2283709049224854,2.2278800010681152,2.238093376159668,2.2256202697753906
