,MonthYear,prediction1,prediction2,prediction3,prediction4,prediction5,prediction6,prediction7,prediction8,prediction9,prediction10,prediction11
0,202103,2.5576415061950684,2.5483205318450928,2.519719362258911,2.4641480445861816,2.547532081604004,2.516235113143921,2.4815855026245117,2.4243202209472656,2.519050121307373,2.5142674446105957,2.4977569580078125
