,MonthYear,prediction1,prediction2,prediction3,prediction4,prediction5,prediction6,prediction7,prediction8,prediction9,prediction10,prediction11
0,202103,1.371633529663086,1.337569236755371,1.3418762683868408,1.3260502815246582,1.3369617462158203,1.341057300567627,1.358891248703003,1.3419393301010132,1.3235998153686523,1.3258216381072998,1.3333181142807007
