,MonthYear,prediction1,prediction2,prediction3,prediction4,prediction5,prediction6,prediction7,prediction8,prediction9,prediction10,prediction11
0,202103,1.4260140657424927,1.4020227193832397,1.4182040691375732,1.4027245044708252,1.397658348083496,1.4225735664367676,1.4100911617279053,1.4023923873901367,1.414618968963623,1.4063010215759277,1.4415836334228516
