,MonthYear,prediction1,prediction2,prediction3,prediction4,prediction5,prediction6,prediction7,prediction8,prediction9,prediction10,prediction11
0,202103,1.8992633819580078,1.9144991636276245,1.8998855352401733,1.8814173936843872,1.8887672424316406,1.9024512767791748,1.8979958295822144,1.9180676937103271,1.8715332746505737,1.877200722694397,1.8987005949020386
