,MonthYear,prediction1,prediction2,prediction3,prediction4,prediction5,prediction6,prediction7,prediction8,prediction9,prediction10,prediction11
0,202103,1.7285833358764648,1.7091058492660522,1.7250912189483643,1.7104710340499878,1.7091058492660522,1.7245502471923828,1.725227952003479,1.717328667640686,1.7482075691223145,1.7154732942581177,1.7107574939727783
