,MonthYear,prediction1,prediction2,prediction3,prediction4,prediction5,prediction6,prediction7,prediction8,prediction9,prediction10,prediction11
0,202103,2.104659080505371,2.07806396484375,2.0353095531463623,2.0865707397460938,2.0854005813598633,2.0497658252716064,2.0173380374908447,2.054199457168579,2.0076141357421875,2.085653781890869,2.0567667484283447
