,MonthYear,prediction1,prediction2,prediction3,prediction4,prediction5,prediction6,prediction7,prediction8,prediction9,prediction10,prediction11
0,202103,2.0798540115356445,2.080087661743164,2.0820837020874023,2.1040496826171875,2.0713064670562744,2.072445869445801,2.1022000312805176,2.104675531387329,2.0663952827453613,2.071190595626831,2.079343557357788
