,MonthYear,prediction1,prediction2,prediction3,prediction4,prediction5,prediction6,prediction7,prediction8,prediction9,prediction10,prediction11
0,202103,1.7826884984970093,1.785488247871399,1.7786749601364136,1.770389437675476,1.768373727798462,1.7898950576782227,1.7821687459945679,1.7815495729446411,1.7612338066101074,1.767689824104309,1.778745412826538
