,MonthYear,prediction1,prediction2,prediction3,prediction4,prediction5,prediction6,prediction7,prediction8,prediction9,prediction10,prediction11
0,202103,1.481278419494629,1.479396104812622,1.4774696826934814,1.4827712774276733,1.4834041595458984,1.4828447103500366,1.489940881729126,1.4928022623062134,1.4799622297286987,1.4813036918640137,1.4870414733886719
