,MonthYear,prediction1,prediction2,prediction3,prediction4,prediction5,prediction6,prediction7,prediction8,prediction9,prediction10,prediction11
0,202103,1.8988840579986572,1.9067132472991943,1.9342269897460938,1.9241883754730225,1.889373540878296,1.9282491207122803,1.918698787689209,1.905611276626587,1.9088798761367798,1.9086213111877441,1.9088683128356934
