,MonthYear,prediction1,prediction2,prediction3,prediction4,prediction5,prediction6,prediction7,prediction8,prediction9,prediction10,prediction11
0,202103,2.2492494583129883,2.23555850982666,2.2403573989868164,2.247577667236328,2.2241058349609375,2.2278146743774414,2.2355732917785645,2.2346110343933105,2.2374236583709717,2.2324626445770264,2.234098434448242
