,MonthYear,prediction1,prediction2,prediction3,prediction4,prediction5,prediction6,prediction7,prediction8,prediction9,prediction10,prediction11
0,202103,2.0747897624969482,2.0870065689086914,2.081848382949829,2.075831890106201,2.0815601348876953,2.137223720550537,2.1056594848632812,2.094359874725342,2.0987956523895264,2.0966103076934814,2.103119373321533
