,MonthYear,prediction1,prediction2,prediction3,prediction4,prediction5,prediction6,prediction7,prediction8,prediction9,prediction10,prediction11
0,202103,2.070770263671875,2.0766549110412598,2.0794568061828613,2.0794568061828613,2.0794568061828613,2.0749142169952393,2.0780444145202637,2.076648712158203,2.0794568061828613,2.0780444145202637,2.0741970539093018
