,MonthYear,prediction1,prediction2,prediction3,prediction4,prediction5,prediction6,prediction7,prediction8,prediction9,prediction10,prediction11
0,202103,2.1433169841766357,2.1466763019561768,2.160274028778076,2.0493197441101074,2.0710113048553467,2.050570011138916,2.0510928630828857,2.0890979766845703,2.0772109031677246,2.0927953720092773,2.1091833114624023
