,MonthYear,prediction1,prediction2,prediction3,prediction4,prediction5,prediction6,prediction7,prediction8,prediction9,prediction10,prediction11
0,202103,2.2790839672088623,2.3084123134613037,2.2570266723632812,2.245903968811035,2.3134121894836426,2.2707905769348145,2.294147253036499,2.2827749252319336,2.2673072814941406,2.2566752433776855,2.2746644020080566
