,MonthYear,prediction1,prediction2,prediction3,prediction4,prediction5,prediction6,prediction7,prediction8,prediction9,prediction10,prediction11
0,202103,1.5648789405822754,1.643983006477356,1.5849312543869019,1.6081316471099854,1.5183236598968506,1.565670132637024,1.6407129764556885,1.526731252670288,1.5610820055007935,1.5339246988296509,1.5308846235275269
