,MonthYear,prediction1,prediction2,prediction3,prediction4,prediction5,prediction6,prediction7,prediction8,prediction9,prediction10,prediction11
0,202103,1.5163103342056274,1.5195940732955933,1.522817611694336,1.530194878578186,1.5261313915252686,1.531204104423523,1.5330793857574463,1.5173802375793457,1.53595769405365,1.5124298334121704,1.5247160196304321
