,MonthYear,prediction1,prediction2,prediction3,prediction4,prediction5,prediction6,prediction7,prediction8,prediction9,prediction10,prediction11
0,202103,1.0833162069320679,1.0967459678649902,1.0953354835510254,1.0950900316238403,1.0831382274627686,1.0916571617126465,1.0923584699630737,1.097996473312378,1.0920932292938232,1.090436577796936,1.082658052444458
