,MonthYear,prediction1,prediction2,prediction3,prediction4,prediction5,prediction6,prediction7,prediction8,prediction9,prediction10,prediction11
0,202103,1.8003333806991577,1.7861241102218628,1.7847387790679932,1.7996585369110107,1.8056069612503052,1.7850844860076904,1.7922053337097168,1.7952780723571777,1.8208467960357666,1.8003487586975098,1.8033926486968994
