,MonthYear,prediction1,prediction2,prediction3,prediction4,prediction5,prediction6,prediction7,prediction8,prediction9,prediction10,prediction11
0,202103,2.5756778717041016,2.5734851360321045,2.565016269683838,2.578173875808716,2.5850205421447754,2.5754928588867188,2.59377384185791,2.5850038528442383,2.5710175037384033,2.5680816173553467,2.567424774169922
