,MonthYear,prediction1,prediction2,prediction3,prediction4,prediction5,prediction6,prediction7,prediction8,prediction9,prediction10,prediction11
0,202103,2.641298770904541,2.576220989227295,2.6618869304656982,2.5809292793273926,2.622438430786133,2.5799856185913086,2.557644844055176,2.6350338459014893,2.6075429916381836,2.5612800121307373,2.5297904014587402
