,MonthYear,prediction1,prediction2,prediction3,prediction4,prediction5,prediction6,prediction7,prediction8,prediction9,prediction10,prediction11
0,202103,2.7202696800231934,2.7205417156219482,2.7407188415527344,2.729687452316284,2.6964218616485596,2.745051383972168,2.742886543273926,2.7517335414886475,2.7213120460510254,2.7449886798858643,2.709183692932129
