,MonthYear,prediction1,prediction2,prediction3,prediction4,prediction5,prediction6,prediction7,prediction8,prediction9,prediction10,prediction11
0,202103,1.6973963975906372,1.7099729776382446,1.6858052015304565,1.6895782947540283,1.681396245956421,1.7016386985778809,1.6967259645462036,1.7089653015136719,1.689305067062378,1.6672579050064087,1.6586315631866455
