,MonthYear,prediction1,prediction2,prediction3,prediction4,prediction5,prediction6,prediction7,prediction8,prediction9,prediction10,prediction11
0,202103,2.188002347946167,2.2087647914886475,2.174704074859619,2.190829038619995,2.1792540550231934,2.1881914138793945,2.1964030265808105,2.172434091567993,2.181246280670166,2.1753177642822266,2.1771302223205566
