,MonthYear,prediction1,prediction2,prediction3,prediction4,prediction5,prediction6,prediction7,prediction8,prediction9,prediction10,prediction11
0,202103,3.323040246963501,3.3524234294891357,3.3156018257141113,3.3311314582824707,3.3332364559173584,3.406621217727661,3.386251449584961,3.3929853439331055,3.357743263244629,3.3378069400787354,3.3504841327667236
