,MonthYear,prediction1,prediction2,prediction3,prediction4,prediction5,prediction6,prediction7,prediction8,prediction9,prediction10,prediction11
0,202103,1.3624658584594727,1.367701768875122,1.343039870262146,1.3565590381622314,1.3337421417236328,1.3223999738693237,1.350255012512207,1.360344409942627,1.3278353214263916,1.3554139137268066,1.3230512142181396
