,MonthYear,prediction1,prediction2,prediction3,prediction4,prediction5,prediction6,prediction7,prediction8,prediction9,prediction10,prediction11
0,202103,2.023049831390381,2.0281753540039062,2.0076537132263184,2.0349862575531006,2.000041961669922,2.037653923034668,2.0255322456359863,2.024646759033203,2.005831241607666,2.0323143005371094,2.030120611190796
