,MonthYear,prediction1,prediction2,prediction3,prediction4,prediction5,prediction6,prediction7,prediction8,prediction9,prediction10,prediction11
0,202103,1.982470989227295,1.976436734199524,1.9262765645980835,1.9674553871154785,1.9462828636169434,1.923867106437683,1.9375275373458862,1.951817512512207,1.9256653785705566,1.916410207748413,1.9211554527282715
