,MonthYear,prediction1,prediction2,prediction3,prediction4,prediction5,prediction6,prediction7,prediction8,prediction9,prediction10,prediction11
0,202103,2.2700915336608887,2.2699742317199707,2.265495777130127,2.296186685562134,2.2667062282562256,2.2868475914001465,2.3096699714660645,2.292585849761963,2.261335849761963,2.281691551208496,2.26582670211792
