,MonthYear,prediction1,prediction2,prediction3,prediction4,prediction5,prediction6,prediction7,prediction8,prediction9,prediction10,prediction11
0,202103,2.04484224319458,2.116783618927002,2.0863099098205566,2.0585403442382812,2.0643489360809326,2.0343329906463623,2.0908751487731934,2.033830165863037,2.0416088104248047,2.0632402896881104,2.0396454334259033
