,MonthYear,prediction1,prediction2,prediction3,prediction4,prediction5,prediction6,prediction7,prediction8,prediction9,prediction10,prediction11
0,202103,2.9227097034454346,2.91398286819458,2.929097890853882,2.9159297943115234,2.9275059700012207,3.0191917419433594,2.9831619262695312,2.971926689147949,2.8949337005615234,2.9750075340270996,2.935868740081787
