,MonthYear,prediction1,prediction2,prediction3,prediction4,prediction5,prediction6,prediction7,prediction8,prediction9,prediction10,prediction11
0,202103,1.8428434133529663,1.847338080406189,1.859620213508606,1.824656367301941,1.8427289724349976,1.8597606420516968,1.831139326095581,1.8476346731185913,1.8585691452026367,1.8523844480514526,1.843345284461975
