,MonthYear,prediction1,prediction2,prediction3,prediction4,prediction5,prediction6,prediction7,prediction8,prediction9,prediction10,prediction11
0,202103,1.7019596099853516,1.6997597217559814,1.70671546459198,1.708370327949524,1.7049297094345093,1.7095224857330322,1.721708059310913,1.7186216115951538,1.7115575075149536,1.724401593208313,1.703122615814209
