,MonthYear,prediction1,prediction2,prediction3,prediction4,prediction5,prediction6,prediction7,prediction8,prediction9,prediction10,prediction11
0,202103,2.036707878112793,2.0339531898498535,2.054656505584717,2.046555519104004,2.0361061096191406,2.0466418266296387,2.0427494049072266,2.042412519454956,2.0339465141296387,2.035140037536621,2.0338096618652344
