,MonthYear,prediction1,prediction2,prediction3,prediction4,prediction5,prediction6,prediction7,prediction8,prediction9,prediction10,prediction11
0,202103,1.9299871921539307,1.9327160120010376,1.9416234493255615,1.9324959516525269,1.9386770725250244,1.9486057758331299,1.9337596893310547,1.940000057220459,1.9408390522003174,1.934056043624878,1.9429863691329956
