,MonthYear,prediction1,prediction2,prediction3,prediction4,prediction5,prediction6,prediction7,prediction8,prediction9,prediction10,prediction11
0,202103,1.8099125623703003,1.8093667030334473,1.8134251832962036,1.813302993774414,1.8132268190383911,1.813941478729248,1.8117541074752808,1.8096530437469482,1.8099554777145386,1.8139209747314453,1.811874508857727
