,MonthYear,prediction1,prediction2,prediction3,prediction4,prediction5,prediction6,prediction7,prediction8,prediction9,prediction10,prediction11
0,202103,2.7903997898101807,2.8105993270874023,2.797130584716797,2.801551342010498,2.7923576831817627,2.7990617752075195,2.802365303039551,2.7955543994903564,2.796760320663452,2.8039400577545166,2.8007636070251465
