,MonthYear,prediction1,prediction2,prediction3,prediction4,prediction5,prediction6,prediction7,prediction8,prediction9,prediction10,prediction11
0,202103,1.686288833618164,1.6840126514434814,1.6842823028564453,1.6855398416519165,1.6821660995483398,1.6808559894561768,1.6870746612548828,1.67558753490448,1.681876301765442,1.6836581230163574,1.680402159690857
