,MonthYear,prediction1,prediction2,prediction3,prediction4,prediction5,prediction6,prediction7,prediction8,prediction9,prediction10,prediction11
0,202103,1.7951689958572388,1.690750241279602,1.7279809713363647,1.7286431789398193,1.7037019729614258,1.735532283782959,1.7675807476043701,1.721940040588379,1.7473067045211792,1.7326136827468872,1.7183701992034912
