,MonthYear,prediction1,prediction2,prediction3,prediction4,prediction5,prediction6,prediction7,prediction8,prediction9,prediction10,prediction11
0,202103,1.9182438850402832,1.9145029783248901,1.9423844814300537,1.9424874782562256,1.9322140216827393,1.9310412406921387,1.9182666540145874,1.9164515733718872,1.899248480796814,1.9153530597686768,1.9205505847930908
