,MonthYear,prediction1,prediction2,prediction3,prediction4,prediction5,prediction6,prediction7,prediction8,prediction9,prediction10,prediction11
0,202103,1.5662822723388672,1.552097201347351,1.5565598011016846,1.5578774213790894,1.556310772895813,1.5779050588607788,1.5552005767822266,1.5576010942459106,1.5516504049301147,1.5565816164016724,1.5528839826583862
