,MonthYear,prediction1,prediction2,prediction3,prediction4,prediction5,prediction6,prediction7,prediction8,prediction9,prediction10,prediction11
0,202103,2.0578479766845703,2.0739240646362305,2.159820079803467,2.1116485595703125,2.1179451942443848,2.141623020172119,2.133463144302368,2.035837173461914,2.1783177852630615,2.0349669456481934,1.9749115705490112
