,MonthYear,prediction1,prediction2,prediction3,prediction4,prediction5,prediction6,prediction7,prediction8,prediction9,prediction10,prediction11
0,202103,3.23580265045166,3.2076470851898193,3.1987438201904297,3.1999943256378174,3.0753226280212402,3.208362102508545,3.1331264972686768,3.2783730030059814,3.2661750316619873,3.215592861175537,3.207418203353882
