,MonthYear,prediction1,prediction2,prediction3,prediction4,prediction5,prediction6,prediction7,prediction8,prediction9,prediction10,prediction11
0,202103,1.8742575645446777,1.884937047958374,1.8946583271026611,1.9108712673187256,1.8951283693313599,1.914027214050293,1.895251750946045,1.8944289684295654,1.8815991878509521,1.903976559638977,1.9030569791793823
