,MonthYear,prediction1,prediction2,prediction3,prediction4,prediction5,prediction6,prediction7,prediction8,prediction9,prediction10,prediction11
0,202103,1.931584119796753,1.9277929067611694,1.9295868873596191,1.9354133605957031,1.9238343238830566,1.9379228353500366,1.94138765335083,1.9402538537979126,1.9417191743850708,1.931338906288147,1.940118432044983
