,MonthYear,prediction1,prediction2,prediction3,prediction4,prediction5,prediction6,prediction7,prediction8,prediction9,prediction10,prediction11
0,202103,1.7804621458053589,1.7590770721435547,1.7592676877975464,1.7821853160858154,1.7667754888534546,1.7757421731948853,1.777150273323059,1.7645471096038818,1.7704027891159058,1.756561279296875,1.7650402784347534
