,MonthYear,prediction1,prediction2,prediction3,prediction4,prediction5,prediction6,prediction7,prediction8,prediction9,prediction10,prediction11
0,202103,1.806502103805542,1.8463448286056519,1.804187297821045,1.8054324388504028,1.8277159929275513,1.8221299648284912,1.815590262413025,1.8135420083999634,1.837293267250061,1.8447200059890747,1.7880483865737915
