,MonthYear,prediction1,prediction2,prediction3,prediction4,prediction5,prediction6,prediction7,prediction8,prediction9,prediction10,prediction11
0,202103,1.9302853345870972,1.914986252784729,1.9220929145812988,1.9179619550704956,1.9183613061904907,1.9061754941940308,1.8946762084960938,1.909350037574768,1.8945997953414917,1.937133550643921,1.9208415746688843
