,MonthYear,prediction1,prediction2,prediction3,prediction4,prediction5,prediction6,prediction7,prediction8,prediction9,prediction10,prediction11
0,202103,1.7717827558517456,1.8974542617797852,1.8370920419692993,1.8428714275360107,1.9035308361053467,1.8622100353240967,1.8500415086746216,1.9794217348098755,1.8399715423583984,1.924939751625061,1.832985281944275
