,MonthYear,prediction1,prediction2,prediction3,prediction4,prediction5,prediction6,prediction7,prediction8,prediction9,prediction10,prediction11
0,202103,2.7336788177490234,2.638420581817627,2.7479748725891113,2.705848455429077,2.712924003601074,2.694143295288086,2.705559492111206,2.6975257396698,2.712597608566284,2.68160080909729,2.6968023777008057
