,MonthYear,prediction1,prediction2,prediction3,prediction4,prediction5,prediction6,prediction7,prediction8,prediction9,prediction10,prediction11
0,202103,2.021944522857666,2.0241923332214355,2.0248804092407227,2.031691551208496,2.0278444290161133,2.0213828086853027,2.024867057800293,2.0257368087768555,2.02384614944458,2.0353927612304688,2.0313098430633545
