,MonthYear,prediction1,prediction2,prediction3,prediction4,prediction5,prediction6,prediction7,prediction8,prediction9,prediction10,prediction11
0,202103,1.5872467756271362,1.58559250831604,1.6126786470413208,1.6076611280441284,1.579585313796997,1.5821582078933716,1.5948071479797363,1.5832281112670898,1.5907002687454224,1.5815515518188477,1.603527307510376
