,MonthYear,prediction1,prediction2,prediction3,prediction4,prediction5,prediction6,prediction7,prediction8,prediction9,prediction10,prediction11
0,202103,2.30098295211792,2.3024630546569824,2.294750213623047,2.290433883666992,2.2807862758636475,2.3092808723449707,2.314077377319336,2.3103227615356445,2.2937803268432617,2.3070058822631836,2.305030345916748
