,MonthYear,prediction1,prediction2,prediction3,prediction4,prediction5,prediction6,prediction7,prediction8,prediction9,prediction10,prediction11
0,202103,1.947821021080017,1.9528014659881592,1.9524667263031006,1.9427727460861206,1.9500133991241455,1.9550422430038452,1.9444764852523804,1.944422721862793,1.9431554079055786,1.9472116231918335,1.9453550577163696
