,MonthYear,prediction1,prediction2,prediction3,prediction4,prediction5,prediction6,prediction7,prediction8,prediction9,prediction10,prediction11
0,202103,2.5989599227905273,2.5978620052337646,2.59167742729187,2.600277900695801,2.5976943969726562,2.579211473464966,2.606449604034424,2.593015670776367,2.5952775478363037,2.594480037689209,2.5963375568389893
