,MonthYear,prediction1,prediction2,prediction3,prediction4,prediction5,prediction6,prediction7,prediction8,prediction9,prediction10,prediction11
0,202103,1.5142892599105835,1.5161669254302979,1.5127092599868774,1.5151705741882324,1.523815631866455,1.5139243602752686,1.5134629011154175,1.51248037815094,1.5134629011154175,1.5138278007507324,1.5132193565368652
