,MonthYear,prediction1,prediction2,prediction3,prediction4,prediction5,prediction6,prediction7,prediction8,prediction9,prediction10,prediction11
0,202103,2.0543203353881836,2.1140668392181396,2.1225197315216064,2.0822606086730957,2.0312671661376953,2.0902223587036133,2.1045680046081543,2.1029577255249023,2.0896148681640625,2.109666347503662,2.1058077812194824
