,MonthYear,prediction1,prediction2,prediction3,prediction4,prediction5,prediction6,prediction7,prediction8,prediction9,prediction10,prediction11
0,202103,2.4717321395874023,2.429757833480835,2.5146069526672363,2.5291576385498047,2.553565502166748,2.5632505416870117,2.538846492767334,2.522322177886963,2.4902992248535156,2.5244927406311035,2.4875950813293457
