,MonthYear,prediction1,prediction2,prediction3,prediction4,prediction5,prediction6,prediction7,prediction8,prediction9,prediction10,prediction11
0,202103,2.754030466079712,2.7475454807281494,2.7670016288757324,2.7923920154571533,2.762983560562134,2.7212798595428467,2.7731456756591797,2.75221848487854,2.7682478427886963,2.776388645172119,2.784770965576172
