,MonthYear,prediction1,prediction2,prediction3,prediction4,prediction5,prediction6,prediction7,prediction8,prediction9,prediction10,prediction11
0,202103,1.5120775699615479,1.51866614818573,1.519253134727478,1.5187442302703857,1.510607123374939,1.5185365676879883,1.5191595554351807,1.5247794389724731,1.5114905834197998,1.5181236267089844,1.5171537399291992
