,MonthYear,prediction1,prediction2,prediction3,prediction4,prediction5,prediction6,prediction7,prediction8,prediction9,prediction10,prediction11
0,202103,1.4498634338378906,1.486421823501587,1.4805874824523926,1.458417534828186,1.4553108215332031,1.460820198059082,1.4866387844085693,1.474074363708496,1.4597420692443848,1.4827572107315063,1.475366234779358
