,MonthYear,prediction1,prediction2,prediction3,prediction4,prediction5,prediction6,prediction7,prediction8,prediction9,prediction10,prediction11
0,202103,2.008305549621582,1.99578058719635,1.9833831787109375,2.0037240982055664,2.0018320083618164,1.9975110292434692,2.007514715194702,2.0058650970458984,2.002312421798706,2.0115277767181396,1.9926137924194336
