,MonthYear,prediction1,prediction2,prediction3,prediction4,prediction5,prediction6,prediction7,prediction8,prediction9,prediction10,prediction11
0,202103,2.4177145957946777,2.446852684020996,2.384169816970825,2.3764219284057617,2.318120002746582,2.368617057800293,2.4354991912841797,2.3733091354370117,2.1716179847717285,2.321882724761963,2.409365653991699
