,MonthYear,prediction1,prediction2,prediction3,prediction4,prediction5,prediction6,prediction7,prediction8,prediction9,prediction10,prediction11
0,202103,1.2049665451049805,1.2196589708328247,1.2179374694824219,1.219005823135376,1.2299352884292603,1.2262656688690186,1.2163300514221191,1.2191725969314575,1.226417064666748,1.2240108251571655,1.2094213962554932
