,MonthYear,prediction1,prediction2,prediction3,prediction4,prediction5,prediction6,prediction7,prediction8,prediction9,prediction10,prediction11
0,202103,3.4622859954833984,3.4266281127929688,3.381406784057617,3.405728578567505,3.577526807785034,3.518688440322876,3.5424857139587402,3.403968334197998,3.3935635089874268,3.453523874282837,3.394717216491699
