,MonthYear,prediction1,prediction2,prediction3,prediction4,prediction5,prediction6,prediction7,prediction8,prediction9,prediction10,prediction11
0,202103,2.0136661529541016,2.0005788803100586,1.9979428052902222,2.004899024963379,1.990533709526062,2.0061731338500977,2.000995397567749,2.014238119125366,2.009202003479004,1.9936647415161133,1.9981003999710083
