,MonthYear,prediction1,prediction2,prediction3,prediction4,prediction5,prediction6,prediction7,prediction8,prediction9,prediction10,prediction11
0,202103,2.0453548431396484,2.0405046939849854,2.0127668380737305,2.0322604179382324,2.036050319671631,2.0315780639648438,2.044159412384033,2.0387039184570312,2.0394461154937744,2.038191318511963,2.0458269119262695
