,MonthYear,prediction1,prediction2,prediction3,prediction4,prediction5,prediction6,prediction7,prediction8,prediction9,prediction10,prediction11
0,202103,2.9261229038238525,2.91001296043396,2.9205305576324463,2.9539542198181152,2.921513795852661,2.9736995697021484,2.9410018920898438,2.934962749481201,2.8981099128723145,2.9117119312286377,2.9025275707244873
