,MonthYear,prediction1,prediction2,prediction3,prediction4,prediction5,prediction6,prediction7,prediction8,prediction9,prediction10,prediction11
0,202103,1.5467994213104248,1.582946538925171,1.5776573419570923,1.5722062587738037,1.565081000328064,1.6017276048660278,1.624901533126831,1.5659393072128296,1.572027325630188,1.5660490989685059,1.62765371799469
