,MonthYear,prediction1,prediction2,prediction3,prediction4,prediction5,prediction6,prediction7,prediction8,prediction9,prediction10,prediction11
0,202103,1.8922683000564575,1.9028749465942383,1.896628975868225,1.9064161777496338,1.8927704095840454,1.8779504299163818,1.8303688764572144,1.8785455226898193,1.8940398693084717,1.8746992349624634,1.8948274850845337
