,MonthYear,prediction1,prediction2,prediction3,prediction4,prediction5,prediction6,prediction7,prediction8,prediction9,prediction10,prediction11
0,202103,1.2710461616516113,1.2810500860214233,1.2929484844207764,1.2970905303955078,1.2695369720458984,1.2831969261169434,1.3175294399261475,1.2841484546661377,1.280815601348877,1.2734122276306152,1.2940090894699097
