,MonthYear,prediction1,prediction2,prediction3,prediction4,prediction5,prediction6,prediction7,prediction8,prediction9,prediction10,prediction11
0,202103,2.116694450378418,2.1443471908569336,2.067488431930542,2.1276965141296387,2.0840163230895996,2.108271598815918,2.086113929748535,2.141664981842041,2.112574577331543,2.0552358627319336,2.0944719314575195
