,MonthYear,prediction1,prediction2,prediction3,prediction4,prediction5,prediction6,prediction7,prediction8,prediction9,prediction10,prediction11
0,202103,2.186105489730835,2.2405104637145996,2.1968326568603516,2.2029147148132324,2.2202930450439453,2.233307361602783,2.231698513031006,2.1949565410614014,2.2087903022766113,2.235841751098633,2.1952550411224365
