,MonthYear,prediction1,prediction2,prediction3,prediction4,prediction5,prediction6,prediction7,prediction8,prediction9,prediction10,prediction11
0,202103,1.6016933917999268,1.6025633811950684,1.604540228843689,1.6145403385162354,1.5986270904541016,1.6334108114242554,1.6272335052490234,1.6073594093322754,1.6248438358306885,1.6008433103561401,1.6168805360794067
