,MonthYear,prediction1,prediction2,prediction3,prediction4,prediction5,prediction6,prediction7,prediction8,prediction9,prediction10,prediction11
0,202103,1.8107043504714966,1.809219241142273,1.8228131532669067,1.8209351301193237,1.8145618438720703,1.815690040588379,1.8311618566513062,1.8099087476730347,1.8128212690353394,1.8150346279144287,1.8228096961975098
