,MonthYear,prediction1,prediction2,prediction3,prediction4,prediction5,prediction6,prediction7,prediction8,prediction9,prediction10,prediction11
0,202103,1.534018874168396,1.53215491771698,1.5305131673812866,1.5311225652694702,1.529262661933899,1.5283492803573608,1.5395313501358032,1.5334327220916748,1.5289733409881592,1.5283645391464233,1.528702974319458
