,MonthYear,prediction1,prediction2,prediction3,prediction4,prediction5,prediction6,prediction7,prediction8,prediction9,prediction10,prediction11
0,202103,2.430544853210449,2.441147804260254,2.4325923919677734,2.4356753826141357,2.4219024181365967,2.429007053375244,2.4426960945129395,2.435654878616333,2.4536232948303223,2.4273386001586914,2.4414944648742676
