,MonthYear,prediction1,prediction2,prediction3,prediction4,prediction5,prediction6,prediction7,prediction8,prediction9,prediction10,prediction11
0,202103,3.0410590171813965,3.032191514968872,3.0455503463745117,3.0160629749298096,3.0318479537963867,3.0430431365966797,3.059859037399292,3.047402858734131,3.0703718662261963,3.1175925731658936,3.1237173080444336
