,MonthYear,prediction1,prediction2,prediction3,prediction4,prediction5,prediction6,prediction7,prediction8,prediction9,prediction10,prediction11
0,202103,2.0723185539245605,2.055154800415039,2.0418009757995605,2.0438835620880127,2.035186529159546,2.0638318061828613,2.063718557357788,2.09359073638916,2.0570483207702637,2.052534341812134,2.0582733154296875
