,MonthYear,prediction1,prediction2,prediction3,prediction4,prediction5,prediction6,prediction7,prediction8,prediction9,prediction10,prediction11
0,202103,2.3061764240264893,2.3781862258911133,2.379246711730957,2.2427544593811035,2.3840813636779785,2.4022560119628906,2.375173568725586,2.3947830200195312,2.4126672744750977,2.1822760105133057,2.1821823120117188
