,MonthYear,prediction1,prediction2,prediction3,prediction4,prediction5,prediction6,prediction7,prediction8,prediction9,prediction10,prediction11
0,202103,2.3862457275390625,2.3559412956237793,2.3482913970947266,2.350804328918457,2.353947639465332,2.3764290809631348,2.3555045127868652,2.3419878482818604,2.355724811553955,2.3644580841064453,2.3693478107452393
