,MonthYear,prediction1,prediction2,prediction3,prediction4,prediction5,prediction6,prediction7,prediction8,prediction9,prediction10,prediction11
0,202103,1.8660845756530762,1.8489106893539429,1.8482168912887573,1.8360750675201416,1.8511756658554077,1.8517498970031738,1.8719357252120972,1.8626059293746948,1.8692412376403809,1.8619861602783203,1.8956598043441772
