,MonthYear,prediction1,prediction2,prediction3,prediction4,prediction5,prediction6,prediction7,prediction8,prediction9,prediction10,prediction11
0,202103,1.3486896753311157,1.3577299118041992,1.3708972930908203,1.3799755573272705,1.350949764251709,1.3735406398773193,1.381239652633667,1.367699146270752,1.3694926500320435,1.3625781536102295,1.3585858345031738
