,MonthYear,prediction1,prediction2,prediction3,prediction4,prediction5,prediction6,prediction7,prediction8,prediction9,prediction10,prediction11
0,202103,1.81080162525177,1.8164160251617432,1.806374430656433,1.8109360933303833,1.8088699579238892,1.8090122938156128,1.8162477016448975,1.8208503723144531,1.8155564069747925,1.8117165565490723,1.8199955224990845
