,MonthYear,prediction1,prediction2,prediction3,prediction4,prediction5,prediction6,prediction7,prediction8,prediction9,prediction10,prediction11
0,202103,1.3518857955932617,1.3308916091918945,1.3377492427825928,1.3411812782287598,1.3268225193023682,1.3600142002105713,1.3496124744415283,1.342272162437439,1.3510644435882568,1.3382688760757446,1.3481652736663818
