,MonthYear,prediction1,prediction2,prediction3,prediction4,prediction5,prediction6,prediction7,prediction8,prediction9,prediction10,prediction11
0,202103,3.2546262741088867,3.2097976207733154,3.2492029666900635,3.2163140773773193,3.229207992553711,3.244903087615967,3.455237865447998,3.370439052581787,3.24176287651062,3.205495595932007,3.246603012084961
