,MonthYear,prediction1,prediction2,prediction3,prediction4,prediction5,prediction6,prediction7,prediction8,prediction9,prediction10,prediction11
0,202103,1.6273772716522217,1.6304129362106323,1.622735857963562,1.639447808265686,1.6361455917358398,1.6447018384933472,1.6499208211898804,1.6201975345611572,1.6703505516052246,1.6488866806030273,1.5724763870239258
