,MonthYear,prediction1,prediction2,prediction3,prediction4,prediction5,prediction6,prediction7,prediction8,prediction9,prediction10,prediction11
0,202103,2.962416172027588,2.9697608947753906,2.9625532627105713,2.9347774982452393,2.9451708793640137,2.9703502655029297,2.937340259552002,2.926861047744751,2.9376845359802246,2.9405159950256348,2.9648525714874268
