,MonthYear,prediction1,prediction2,prediction3,prediction4,prediction5,prediction6,prediction7,prediction8,prediction9,prediction10,prediction11
0,202103,1.4728143215179443,1.4485137462615967,1.4458940029144287,1.449013352394104,1.4588167667388916,1.4630391597747803,1.46405029296875,1.4821239709854126,1.451161503791809,1.4382240772247314,1.4426542520523071
