,MonthYear,prediction1,prediction2,prediction3,prediction4,prediction5,prediction6,prediction7,prediction8,prediction9,prediction10,prediction11
0,202103,3.383141279220581,3.382380485534668,3.400601625442505,3.42317795753479,3.3844807147979736,3.4770336151123047,3.4806103706359863,3.4032397270202637,3.3871536254882812,3.4174513816833496,3.4368298053741455
