,MonthYear,prediction1,prediction2,prediction3,prediction4,prediction5,prediction6,prediction7,prediction8,prediction9,prediction10,prediction11
0,202103,1.3421955108642578,1.3474578857421875,1.3736650943756104,1.3429298400878906,1.329904317855835,1.3514440059661865,1.353095293045044,1.3516666889190674,1.356125831604004,1.3700003623962402,1.3516467809677124
