,MonthYear,prediction1,prediction2,prediction3,prediction4,prediction5,prediction6,prediction7,prediction8,prediction9,prediction10,prediction11
0,202103,2.045048952102661,2.0369491577148438,2.0589637756347656,2.0545034408569336,2.046234130859375,2.055943489074707,2.059227466583252,2.04435658454895,2.0599441528320312,2.059333324432373,2.0715103149414062
