,MonthYear,prediction1,prediction2,prediction3,prediction4,prediction5,prediction6,prediction7,prediction8,prediction9,prediction10,prediction11
0,202103,2.223752021789551,2.2140111923217773,2.21999192237854,2.2174277305603027,2.2056615352630615,2.213097095489502,2.220468521118164,2.2371554374694824,2.224794626235962,2.228707790374756,2.221083164215088
