,MonthYear,prediction1,prediction2,prediction3,prediction4,prediction5,prediction6,prediction7,prediction8,prediction9,prediction10,prediction11
0,202103,2.218639850616455,2.2082605361938477,2.245438575744629,2.216999053955078,2.2187857627868652,2.2366528511047363,2.245223045349121,2.2063887119293213,2.171908378601074,2.1753101348876953,2.1281919479370117
