,MonthYear,prediction1,prediction2,prediction3,prediction4,prediction5,prediction6,prediction7,prediction8,prediction9,prediction10,prediction11
0,202103,2.1381874084472656,2.1245782375335693,2.048372268676758,2.1038975715637207,2.078855037689209,2.0102527141571045,2.068633556365967,2.0938262939453125,2.158665180206299,2.115725517272949,2.1053905487060547
