,MonthYear,prediction1,prediction2,prediction3,prediction4,prediction5,prediction6,prediction7,prediction8,prediction9,prediction10,prediction11
0,202103,2.0532004833221436,2.048595666885376,2.0504794120788574,2.029536247253418,2.028510808944702,2.028801202774048,2.04263973236084,2.0719101428985596,2.042299509048462,2.0703377723693848,2.014777660369873
