,MonthYear,prediction1,prediction2,prediction3,prediction4,prediction5,prediction6,prediction7,prediction8,prediction9,prediction10,prediction11
0,202103,1.9328019618988037,1.8813527822494507,1.8874733448028564,1.8671138286590576,1.8928509950637817,1.8719253540039062,1.889182686805725,1.8755618333816528,1.8864102363586426,1.8640385866165161,1.8690540790557861
