,MonthYear,prediction1,prediction2,prediction3,prediction4,prediction5,prediction6,prediction7,prediction8,prediction9,prediction10,prediction11
0,202103,2.870476245880127,2.873866558074951,2.855306625366211,2.828218936920166,2.837954521179199,2.921462059020996,2.824268341064453,2.874978542327881,2.801496982574463,2.823759078979492,2.8098068237304688
