,MonthYear,prediction1,prediction2,prediction3,prediction4,prediction5,prediction6,prediction7,prediction8,prediction9,prediction10,prediction11
0,202103,1.7276344299316406,1.7189937829971313,1.6870441436767578,1.6969952583312988,1.6873395442962646,1.7114485502243042,1.7002025842666626,1.7162424325942993,1.7180523872375488,1.7002437114715576,1.6832460165023804
