,MonthYear,prediction1,prediction2,prediction3,prediction4,prediction5,prediction6,prediction7,prediction8,prediction9,prediction10,prediction11
0,202103,2.2364563941955566,2.225019931793213,2.2452688217163086,2.263073205947876,2.2570528984069824,2.250788927078247,2.247480630874634,2.228196144104004,2.2501235008239746,2.224513530731201,2.233541250228882
