,MonthYear,prediction1,prediction2,prediction3,prediction4,prediction5,prediction6,prediction7,prediction8,prediction9,prediction10,prediction11
0,202103,1.8619343042373657,1.8644894361495972,1.865889310836792,1.8548990488052368,1.86631441116333,1.8543685674667358,1.8713003396987915,1.8596312999725342,1.8698997497558594,1.8741135597229004,1.8708125352859497
