,MonthYear,prediction1,prediction2,prediction3,prediction4,prediction5,prediction6,prediction7,prediction8,prediction9,prediction10,prediction11
0,202103,2.198782205581665,2.211484432220459,2.199441909790039,2.2061915397644043,2.1959939002990723,2.2059011459350586,2.203914165496826,2.2096824645996094,2.2156448364257812,2.2101430892944336,2.2072372436523438
