,MonthYear,prediction1,prediction2,prediction3,prediction4,prediction5,prediction6,prediction7,prediction8,prediction9,prediction10,prediction11
0,202103,1.7450493574142456,1.7271322011947632,1.7395216226577759,1.7249462604522705,1.7163739204406738,1.7334630489349365,1.7771871089935303,1.763822317123413,1.7246334552764893,1.7158252000808716,1.7180063724517822
