,MonthYear,prediction1,prediction2,prediction3,prediction4,prediction5,prediction6,prediction7,prediction8,prediction9,prediction10,prediction11
0,202103,3.091965913772583,2.845755100250244,2.9760255813598633,2.7352044582366943,2.7816853523254395,2.835531711578369,2.8672261238098145,2.995185613632202,3.031219959259033,2.997206449508667,2.878152370452881
