,MonthYear,prediction1,prediction2,prediction3,prediction4,prediction5,prediction6,prediction7,prediction8,prediction9,prediction10,prediction11
0,202103,2.329914093017578,2.331413745880127,2.3283872604370117,2.3257012367248535,2.32875919342041,2.3275279998779297,2.327155351638794,2.32521915435791,2.3285465240478516,2.3132810592651367,2.3311843872070312
