,MonthYear,prediction1,prediction2,prediction3,prediction4,prediction5,prediction6,prediction7,prediction8,prediction9,prediction10,prediction11
0,202103,2.15690016746521,2.2032995223999023,2.081820487976074,2.1916260719299316,2.2695977687835693,2.1429290771484375,2.099553108215332,2.09956955909729,2.0703227519989014,2.0365514755249023,2.0295250415802
