,MonthYear,prediction1,prediction2,prediction3,prediction4,prediction5,prediction6,prediction7,prediction8,prediction9,prediction10,prediction11
0,202103,1.7158446311950684,1.7433850765228271,1.74476957321167,1.7458138465881348,1.724963903427124,1.7266924381256104,1.7414950132369995,1.7406136989593506,1.751068115234375,1.7365719079971313,1.7378026247024536
