,MonthYear,prediction1,prediction2,prediction3,prediction4,prediction5,prediction6,prediction7,prediction8,prediction9,prediction10,prediction11
0,202103,2.119154453277588,2.147989511489868,2.1111207008361816,2.167598247528076,2.1524696350097656,2.143841028213501,2.1593775749206543,2.148582696914673,2.1053638458251953,2.1138172149658203,2.092771530151367
