,MonthYear,prediction1,prediction2,prediction3,prediction4,prediction5,prediction6,prediction7,prediction8,prediction9,prediction10,prediction11
0,202103,2.755009412765503,2.7632761001586914,2.7831473350524902,2.793013572692871,2.6757469177246094,2.7863590717315674,2.718667507171631,2.719047784805298,2.7025399208068848,2.696672201156616,2.7560980319976807
