,MonthYear,prediction1,prediction2,prediction3,prediction4,prediction5,prediction6,prediction7,prediction8,prediction9,prediction10,prediction11
0,202103,1.8731197118759155,1.8730213642120361,1.8718295097351074,1.8773112297058105,1.900626301765442,1.8948192596435547,1.8748409748077393,1.8853667974472046,1.8582321405410767,1.8790568113327026,1.8598614931106567
