,MonthYear,prediction1,prediction2,prediction3,prediction4,prediction5,prediction6,prediction7,prediction8,prediction9,prediction10,prediction11
0,202103,1.8749754428863525,1.8473522663116455,1.8462799787521362,1.880393624305725,1.8798397779464722,1.855957269668579,1.8868962526321411,1.8696269989013672,1.89559006690979,1.8962945938110352,1.8973674774169922
