,MonthYear,prediction1,prediction2,prediction3,prediction4,prediction5,prediction6,prediction7,prediction8,prediction9,prediction10,prediction11
0,202103,1.9410451650619507,1.9424991607666016,1.9543946981430054,1.988903284072876,1.9488086700439453,1.9543416500091553,2.006972312927246,1.956689715385437,1.9518297910690308,1.9399676322937012,1.9402878284454346
