,MonthYear,prediction1,prediction2,prediction3,prediction4,prediction5,prediction6,prediction7,prediction8,prediction9,prediction10,prediction11
0,202103,3.360872507095337,3.4098896980285645,3.3681509494781494,3.2762808799743652,3.3122920989990234,3.3785488605499268,3.394862651824951,3.3969552516937256,3.3878350257873535,3.3148858547210693,3.38800311088562
