,MonthYear,prediction1,prediction2,prediction3,prediction4,prediction5,prediction6,prediction7,prediction8,prediction9,prediction10,prediction11
0,202103,1.868990182876587,1.882078766822815,1.8568909168243408,1.857974648475647,1.8466540575027466,1.8666017055511475,1.8922876119613647,1.8891165256500244,1.9125975370407104,1.8928889036178589,1.9033327102661133
