,MonthYear,prediction1,prediction2,prediction3,prediction4,prediction5,prediction6,prediction7,prediction8,prediction9,prediction10,prediction11
0,202103,2.4903018474578857,2.4772887229919434,2.45780086517334,2.4515790939331055,2.428145408630371,2.4684739112854004,2.419125556945801,2.4382822513580322,2.4030137062072754,2.3956551551818848,2.4555463790893555
